38 Provinsi,"Luas Panen, Produksi, dan Produktivitas Jagung Menurut Provinsi",,,,,,,,,,,,,,
,Luas Panen (ha),,,,,Produktivitas (ku/ha),,,,,Produksi (ton),,,,
,2020,2021,2022,2023,2024,2020,2021,2022,2023,2024,2020,2021,2022,2023,2024
ACEH,11581.2,10289.99,12453.57,11728.37,10090.26,55.22,56.21,58.01,56.58,51.78,63950.8,57835.8,72241.64,66363.62,52249.4
SUMATERA UTARA,135334.39,153631.83,207756.79,211105.36,210586.1,57.87,62.29,62.93,63.63,65.24,783126.62,956938.92,1307477.02,1343290.59,1373900
SUMATERA BARAT,65756.37,67159.49,84565.06,79630.77,83918.48,64.64,65.19,67.34,62.19,61.76,425025.38,437814.33,569450.41,495223.45,518315.8
RIAU,138.92,306.22,217.27,216.35,327.17,34.03,32.32,34.64,31.83,34.83,472.78,989.61,752.62,688.71,1139.41
JAMBI,1111,1665.97,1892.18,781.46,1514.03,68.45,58.34,55.37,60.46,69.56,7604.47,9719.01,10477.45,4724.77,10530.87
SUMATERA SELATAN,35073.88,51690.6,60187.49,46247.92,53171.15,60.37,61.23,76.48,61.55,63.76,211735.52,316505.64,460321.16,284643.31,338998.6
BENGKULU,4145.68,5983.25,10416.56,7900.85,9861.27,56.48,61.73,68.89,63.82,63.76,23415.58,36934.89,71755.99,50421.07,62876.83
LAMPUNG,156654.98,172107.96,223859.75,166215.32,170016.6,62.04,65.6,64.46,66.4,65.15,971957.39,1129111.67,1443095.58,1103640.11,1107739
KEP. BANGKA BELITUNG,28.73,97.31,62.8,23.25,0,44.09,35.85,41.08,47.87,57.16,126.66,348.85,257.95,111.3,0
KEP. RIAU,2.75,2.62,2.45,2.07,2.49,55.4,48.95,51.31,50.48,48.19,15.22,12.84,12.59,10.45,12
DKI JAKARTA,-,-,0,0,-,-,-,0,0,-,-,-,0,0,-
JAWA BARAT,59430.55,68213.91,95689.92,76901.39,77992.51,70.4,72.06,75.98,75.06,72.35,418401.74,491527.65,727067.64,577185.49,564290.8
JAWA TENGAH,377065.18,340315.45,404493.43,371046.77,412338.4,60.44,62.56,59.94,58.6,58.85,2279146.32,2128959.17,2424371.35,2174484.3,2426509
DI YOGYAKARTA,31380.87,38391.14,42974.56,40056.38,37546.96,53.99,51.35,50.74,54.31,50.44,169430.71,197154.61,218046.4,217545.73,189378.3
JAWA TIMUR,722182.15,687502.66,817449.46,759060.89,739157.3,57.26,58.06,60.59,63.18,62.18,4134908.41,3991492.48,4952602.76,4795780.82,4595792
BANTEN,2945.5,1375.5,1250.54,1920.27,2112,69.09,68.29,76.79,74.82,60.02,20349.88,9393.64,9602.73,14367.12,12677.14
BALI,7927.98,10245.83,10316.71,9277.78,7669.79,44.14,48.92,51.57,50.55,50.92,34994.61,50117.54,53206.31,46901.81,39055.43
NUSA TENGGARA BARAT,145562.61,156985.86,196064.93,179029.73,173759.8,59.12,64.92,72.52,71.55,69.62,860494.72,1019224.88,1421921.9,1281035.02,1209784
NUSA TENGGARA TIMUR,107094.89,111362.16,113624.53,101512.09,108816.1,23.85,25.62,25.85,25.8,26.93,255452.99,285344.59,293719.22,261854.94,293052.3
KALIMANTAN BARAT,4721.73,8916.04,16371.14,15099.14,19449.93,42.96,49.63,43.81,43.88,46.49,20284.05,44252.44,71717.47,66248.12,90419.41
KALIMANTAN TENGAH,5816.31,6591.87,7459.13,5935.59,8555.57,53.3,53.76,48.17,42.93,52.17,30998.17,35440.16,35933.96,25482.89,44638.26
KALIMANTAN SELATAN,28796.76,23340.2,25342.64,18382.82,18766.21,53.06,57.98,60.08,61.01,58.32,152796.9,135325.9,152255.06,112150.44,109438.4
KALIMANTAN TIMUR,1989.07,2526.48,3624.48,1867.63,919.3,53.21,57.61,47.03,60.12,43.02,10584.65,14554.97,17045.44,11228.48,3955.26
KALIMANTAN UTARA,292.82,75.36,163.32,170.45,209.95,39.93,51.1,52.63,50.24,50.4,1169.07,385.1,859.57,856.42,1058.24
SULAWESI UTARA,42343.67,39055.74,34918.69,25262.2,30190.23,41.19,42.65,34.08,32.87,37.35,174417.59,166579.9,119008.39,83046.33,112771.9
SULAWESI TENGAH,14648.4,14152.43,22349.74,18002.68,19061.15,44.78,44.88,43.04,40.54,44.49,65595.66,63514.84,96199.79,72981.58,84798.45
SULAWESI SELATAN,213791.89,185724.95,196218.71,181800.85,191012.1,50.84,55.64,58.71,56.41,59.24,1086933.12,1033341.18,1152062.7,1025516.26,1131504
SULAWESI TENGGARA,25124.41,19792.32,19674.51,18987.59,20135,39.39,39.59,39.73,36.61,39.46,98972.12,78350.27,78163.06,69512.45,79444.29
GORONTALO,125415.3,138958.14,140548.34,114355.96,128230.6,46.28,48.21,49.27,46.16,48.82,580370.29,669890.37,692439.15,527923.15,625972.1
SULAWESI BARAT,2297.16,1575.16,5670.96,5617.09,6019.31,48.93,50.58,53.23,51.8,50.33,11239.6,7966.76,30186.61,29097.91,30295.93
MALUKU,4324.52,3813.08,2698.04,2357.12,2239.28,34.53,38.53,58.14,32.51,33.86,14934.68,14691.93,15687,7663.29,7582.6
MALUKU UTARA,928,2042.47,1694.49,1612.53,1316.6,41.12,50.57,45.51,42.61,34.41,3816.09,10328.93,7712.31,6870.64,4530.02
PAPUA BARAT,1340.64,1099.9,1351.48,735,748.73,38.03,43.21,47.96,45.05,49.69,5098.77,4753.17,6481.32,3311.21,3720.1
PAPUA BARAT DAYA,-,-,-,274.82,228.28,-,-,-,51.39,52.07,-,-,-,1412.21,1188.57
PAPUA,2617.97,3067.83,3002.53,798.27,990.34,42.48,52.54,50.42,42.95,39.52,11120.24,16119.68,15140.06,3428.88,3913.44
PAPUA SELATAN,-,-,-,15.32,408.72,-,-,-,45.16,51.34,-,-,-,69.18,2098.29
PAPUA TENGAH,-,-,-,2092.54,1243.9,-,-,-,43.4,40.49,-,-,-,9081.61,5036.04
PAPUA PEGUNUNGAN,-,-,-,66.31,48.23,-,-,-,42.05,51.23,-,-,-,278.85,247.07
INDONESIA,2337866.28,2328059.75,2764366.2,2476090.93,2548654,55.3,57.62,59.79,59.67,59.4,12928940.8,13414921.72,16527272.61,14774432.52,15138912
,,,,,,,,,,,,,,,
Catatan,1. Data pokok tanaman pangan yang dikumpulkan oleh Badan Pusat Statistik adalah luas panen dan produktivitas (hasil per hektar). Produksi merupakan hasil perkalian antara luas panen dan produktivitas.,"2. Sejak tahun 2020, data luas panen jagung pipilan dihitung dengan metode Kerangka Sampel Area (KSA), menggantikan metode pengumpulan data luas panen jagung yang sebelumnya yaitu metode eye estimate yang dikumpulkan melalui pelaporan data Statistik Pertanian (SP) oleh Kepala Cabang Dinas (KCD) Kecamatan.","3. Angka produktivitas jagung diperoleh melalui survei ubinan pada plot berukuran 2,5 m x 2,5 m dalam bentuk produksi jagung tongkol kering panen (JTKP). ",4. Angka konversi jagung tongkol kering panen (JTKP) menjadi jagung pipilan kering dengan kadar air 14 persen (JPK-KA14%) menggunakan hasil Survei Konversi Jagung yang dilakukan pada 2020 (SKJG 2020).,5. Luas panen dan produksi jagung di Provinsi Kepulauan Bangka Belitung pada 2024 mendekati nol.,6. Tabel ini diskontinu dan digantikan tabel bulanan mulai bulan Maret 2025,,,,,,,,,