region_id,region_name,province_bps,country,year,yield_ku_ha,yield_ton_ha,harvested_ha,production_ton,data_source,method_note
IDN-11,Aceh,ACEH,IDN,2020,55.22,5.522,11581.2,63950.8,BPS,KSA
IDN-11,Aceh,ACEH,IDN,2021,56.21,5.621,10289.99,57835.8,BPS,KSA
IDN-11,Aceh,ACEH,IDN,2022,58.01,5.801,12453.57,72241.64,BPS,KSA
IDN-11,Aceh,ACEH,IDN,2023,56.58,5.658,11728.37,66363.62,BPS,KSA
IDN-11,Aceh,ACEH,IDN,2024,51.78,5.178,10090.26,52249.4,BPS,KSA
IDN-12,North Sumatra,SUMATERA UTARA,IDN,2020,57.87,5.787,135334.39,783126.62,BPS,KSA
IDN-12,North Sumatra,SUMATERA UTARA,IDN,2021,62.29,6.229,153631.83,956938.92,BPS,KSA
IDN-12,North Sumatra,SUMATERA UTARA,IDN,2022,62.93,6.293,207756.79,1307477.02,BPS,KSA
IDN-12,North Sumatra,SUMATERA UTARA,IDN,2023,63.63,6.363,211105.36,1343290.59,BPS,KSA
IDN-12,North Sumatra,SUMATERA UTARA,IDN,2024,65.24,6.524,210586.1,1373900.0,BPS,KSA
IDN-13,West Sumatra,SUMATERA BARAT,IDN,2020,64.64,6.464,65756.37,425025.38,BPS,KSA
IDN-13,West Sumatra,SUMATERA BARAT,IDN,2021,65.19,6.519,67159.49,437814.33,BPS,KSA
IDN-13,West Sumatra,SUMATERA BARAT,IDN,2022,67.34,6.734,84565.06,569450.41,BPS,KSA
IDN-13,West Sumatra,SUMATERA BARAT,IDN,2023,62.19,6.219,79630.77,495223.45,BPS,KSA
IDN-13,West Sumatra,SUMATERA BARAT,IDN,2024,61.76,6.176,83918.48,518315.8,BPS,KSA
IDN-14,Riau,RIAU,IDN,2020,34.03,3.403,138.92,472.78,BPS,KSA
IDN-14,Riau,RIAU,IDN,2021,32.32,3.232,306.22,989.61,BPS,KSA
IDN-14,Riau,RIAU,IDN,2022,34.64,3.464,217.27,752.62,BPS,KSA
IDN-14,Riau,RIAU,IDN,2023,31.83,3.183,216.35,688.71,BPS,KSA
IDN-14,Riau,RIAU,IDN,2024,34.83,3.483,327.17,1139.41,BPS,KSA
IDN-15,Jambi,JAMBI,IDN,2020,68.45,6.845,1111.0,7604.47,BPS,KSA
IDN-15,Jambi,JAMBI,IDN,2021,58.34,5.834,1665.97,9719.01,BPS,KSA
IDN-15,Jambi,JAMBI,IDN,2022,55.37,5.537,1892.18,10477.45,BPS,KSA
IDN-15,Jambi,JAMBI,IDN,2023,60.46,6.046,781.46,4724.77,BPS,KSA
IDN-15,Jambi,JAMBI,IDN,2024,69.56,6.956,1514.03,10530.87,BPS,KSA
IDN-16,South Sumatra,SUMATERA SELATAN,IDN,2020,60.37,6.037,35073.88,211735.52,BPS,KSA
IDN-16,South Sumatra,SUMATERA SELATAN,IDN,2021,61.23,6.123,51690.6,316505.64,BPS,KSA
IDN-16,South Sumatra,SUMATERA SELATAN,IDN,2022,76.48,7.648,60187.49,460321.16,BPS,KSA
IDN-16,South Sumatra,SUMATERA SELATAN,IDN,2023,61.55,6.155,46247.92,284643.31,BPS,KSA
IDN-16,South Sumatra,SUMATERA SELATAN,IDN,2024,63.76,6.376,53171.15,338998.6,BPS,KSA
IDN-17,Bengkulu,BENGKULU,IDN,2020,56.48,5.648,4145.68,23415.58,BPS,KSA
IDN-17,Bengkulu,BENGKULU,IDN,2021,61.73,6.173,5983.25,36934.89,BPS,KSA
IDN-17,Bengkulu,BENGKULU,IDN,2022,68.89,6.889,10416.56,71755.99,BPS,KSA
IDN-17,Bengkulu,BENGKULU,IDN,2023,63.82,6.382,7900.85,50421.07,BPS,KSA
IDN-17,Bengkulu,BENGKULU,IDN,2024,63.76,6.376,9861.27,62876.83,BPS,KSA
IDN-18,Lampung,LAMPUNG,IDN,2020,62.04,6.204,156654.98,971957.39,BPS,KSA
IDN-18,Lampung,LAMPUNG,IDN,2021,65.6,6.56,172107.96,1129111.67,BPS,KSA
IDN-18,Lampung,LAMPUNG,IDN,2022,64.46,6.446,223859.75,1443095.58,BPS,KSA
IDN-18,Lampung,LAMPUNG,IDN,2023,66.4,6.64,166215.32,1103640.11,BPS,KSA
IDN-18,Lampung,LAMPUNG,IDN,2024,65.15,6.515,170016.6,1107739.0,BPS,KSA
IDN-19,Bangka Belitung Islands,KEP. BANGKA BELITUNG,IDN,2020,44.09,4.409,28.73,126.66,BPS,KSA
IDN-19,Bangka Belitung Islands,KEP. BANGKA BELITUNG,IDN,2021,35.85,3.585,97.31,348.85,BPS,KSA
IDN-19,Bangka Belitung Islands,KEP. BANGKA BELITUNG,IDN,2022,41.08,4.108,62.8,257.95,BPS,KSA
IDN-19,Bangka Belitung Islands,KEP. BANGKA BELITUNG,IDN,2023,47.87,4.787,23.25,111.3,BPS,KSA
IDN-19,Bangka Belitung Islands,KEP. BANGKA BELITUNG,IDN,2024,57.16,5.716,0.0,0.0,BPS,KSA
IDN-21,Riau Islands,KEP. RIAU,IDN,2020,55.4,5.54,2.75,15.22,BPS,KSA
IDN-21,Riau Islands,KEP. RIAU,IDN,2021,48.95,4.895,2.62,12.84,BPS,KSA
IDN-21,Riau Islands,KEP. RIAU,IDN,2022,51.31,5.131,2.45,12.59,BPS,KSA
IDN-21,Riau Islands,KEP. RIAU,IDN,2023,50.48,5.048,2.07,10.45,BPS,KSA
IDN-21,Riau Islands,KEP. RIAU,IDN,2024,48.19,4.819,2.49,12.0,BPS,KSA
IDN-31,DKI Jakarta,DKI JAKARTA,IDN,2020,,,,,BPS,KSA
IDN-31,DKI Jakarta,DKI JAKARTA,IDN,2021,,,,,BPS,KSA
IDN-31,DKI Jakarta,DKI JAKARTA,IDN,2022,0.0,0.0,0.0,0.0,BPS,KSA
IDN-31,DKI Jakarta,DKI JAKARTA,IDN,2023,0.0,0.0,0.0,0.0,BPS,KSA
IDN-31,DKI Jakarta,DKI JAKARTA,IDN,2024,,,,,BPS,KSA
IDN-32,West Java,JAWA BARAT,IDN,2020,70.4,7.04,59430.55,418401.74,BPS,KSA
IDN-32,West Java,JAWA BARAT,IDN,2021,72.06,7.206,68213.91,491527.65,BPS,KSA
IDN-32,West Java,JAWA BARAT,IDN,2022,75.98,7.598,95689.92,727067.64,BPS,KSA
IDN-32,West Java,JAWA BARAT,IDN,2023,75.06,7.506,76901.39,577185.49,BPS,KSA
IDN-32,West Java,JAWA BARAT,IDN,2024,72.35,7.235,77992.51,564290.8,BPS,KSA
IDN-33,Central Java,JAWA TENGAH,IDN,2020,60.44,6.044,377065.18,2279146.32,BPS,KSA
IDN-33,Central Java,JAWA TENGAH,IDN,2021,62.56,6.256,340315.45,2128959.17,BPS,KSA
IDN-33,Central Java,JAWA TENGAH,IDN,2022,59.94,5.994,404493.43,2424371.35,BPS,KSA
IDN-33,Central Java,JAWA TENGAH,IDN,2023,58.6,5.86,371046.77,2174484.3,BPS,KSA
IDN-33,Central Java,JAWA TENGAH,IDN,2024,58.85,5.885,412338.4,2426509.0,BPS,KSA
IDN-34,DI Yogyakarta,DI YOGYAKARTA,IDN,2020,53.99,5.399,31380.87,169430.71,BPS,KSA
IDN-34,DI Yogyakarta,DI YOGYAKARTA,IDN,2021,51.35,5.135,38391.14,197154.61,BPS,KSA
IDN-34,DI Yogyakarta,DI YOGYAKARTA,IDN,2022,50.74,5.074,42974.56,218046.4,BPS,KSA
IDN-34,DI Yogyakarta,DI YOGYAKARTA,IDN,2023,54.31,5.431,40056.38,217545.73,BPS,KSA
IDN-34,DI Yogyakarta,DI YOGYAKARTA,IDN,2024,50.44,5.044,37546.96,189378.3,BPS,KSA
IDN-35,East Java,JAWA TIMUR,IDN,2020,57.26,5.726,722182.15,4134908.41,BPS,KSA
IDN-35,East Java,JAWA TIMUR,IDN,2021,58.06,5.806,687502.66,3991492.48,BPS,KSA
IDN-35,East Java,JAWA TIMUR,IDN,2022,60.59,6.059,817449.46,4952602.76,BPS,KSA
IDN-35,East Java,JAWA TIMUR,IDN,2023,63.18,6.318,759060.89,4795780.82,BPS,KSA
IDN-35,East Java,JAWA TIMUR,IDN,2024,62.18,6.218,739157.3,4595792.0,BPS,KSA
IDN-36,Banten,BANTEN,IDN,2020,69.09,6.909,2945.5,20349.88,BPS,KSA
IDN-36,Banten,BANTEN,IDN,2021,68.29,6.829,1375.5,9393.64,BPS,KSA
IDN-36,Banten,BANTEN,IDN,2022,76.79,7.679,1250.54,9602.73,BPS,KSA
IDN-36,Banten,BANTEN,IDN,2023,74.82,7.482,1920.27,14367.12,BPS,KSA
IDN-36,Banten,BANTEN,IDN,2024,60.02,6.002,2112.0,12677.14,BPS,KSA
IDN-51,Bali,BALI,IDN,2020,44.14,4.414,7927.98,34994.61,BPS,KSA
IDN-51,Bali,BALI,IDN,2021,48.92,4.892,10245.83,50117.54,BPS,KSA
IDN-51,Bali,BALI,IDN,2022,51.57,5.157,10316.71,53206.31,BPS,KSA
IDN-51,Bali,BALI,IDN,2023,50.55,5.055,9277.78,46901.81,BPS,KSA
IDN-51,Bali,BALI,IDN,2024,50.92,5.092,7669.79,39055.43,BPS,KSA
IDN-52,West Nusa Tenggara,NUSA TENGGARA BARAT,IDN,2020,59.12,5.912,145562.61,860494.72,BPS,KSA
IDN-52,West Nusa Tenggara,NUSA TENGGARA BARAT,IDN,2021,64.92,6.492,156985.86,1019224.88,BPS,KSA
IDN-52,West Nusa Tenggara,NUSA TENGGARA BARAT,IDN,2022,72.52,7.252,196064.93,1421921.9,BPS,KSA
IDN-52,West Nusa Tenggara,NUSA TENGGARA BARAT,IDN,2023,71.55,7.155,179029.73,1281035.02,BPS,KSA
IDN-52,West Nusa Tenggara,NUSA TENGGARA BARAT,IDN,2024,69.62,6.962,173759.8,1209784.0,BPS,KSA
IDN-53,East Nusa Tenggara,NUSA TENGGARA TIMUR,IDN,2020,23.85,2.385,107094.89,255452.99,BPS,KSA
IDN-53,East Nusa Tenggara,NUSA TENGGARA TIMUR,IDN,2021,25.62,2.562,111362.16,285344.59,BPS,KSA
IDN-53,East Nusa Tenggara,NUSA TENGGARA TIMUR,IDN,2022,25.85,2.585,113624.53,293719.22,BPS,KSA
IDN-53,East Nusa Tenggara,NUSA TENGGARA TIMUR,IDN,2023,25.8,2.58,101512.09,261854.94,BPS,KSA
IDN-53,East Nusa Tenggara,NUSA TENGGARA TIMUR,IDN,2024,26.93,2.693,108816.1,293052.3,BPS,KSA
IDN-61,West Kalimantan,KALIMANTAN BARAT,IDN,2020,42.96,4.296,4721.73,20284.05,BPS,KSA
IDN-61,West Kalimantan,KALIMANTAN BARAT,IDN,2021,49.63,4.963,8916.04,44252.44,BPS,KSA
IDN-61,West Kalimantan,KALIMANTAN BARAT,IDN,2022,43.81,4.381,16371.14,71717.47,BPS,KSA
IDN-61,West Kalimantan,KALIMANTAN BARAT,IDN,2023,43.88,4.388,15099.14,66248.12,BPS,KSA
IDN-61,West Kalimantan,KALIMANTAN BARAT,IDN,2024,46.49,4.649,19449.93,90419.41,BPS,KSA
IDN-62,Central Kalimantan,KALIMANTAN TENGAH,IDN,2020,53.3,5.33,5816.31,30998.17,BPS,KSA
IDN-62,Central Kalimantan,KALIMANTAN TENGAH,IDN,2021,53.76,5.376,6591.87,35440.16,BPS,KSA
IDN-62,Central Kalimantan,KALIMANTAN TENGAH,IDN,2022,48.17,4.817,7459.13,35933.96,BPS,KSA
IDN-62,Central Kalimantan,KALIMANTAN TENGAH,IDN,2023,42.93,4.293,5935.59,25482.89,BPS,KSA
IDN-62,Central Kalimantan,KALIMANTAN TENGAH,IDN,2024,52.17,5.217,8555.57,44638.26,BPS,KSA
IDN-63,South Kalimantan,KALIMANTAN SELATAN,IDN,2020,53.06,5.306,28796.76,152796.9,BPS,KSA
IDN-63,South Kalimantan,KALIMANTAN SELATAN,IDN,2021,57.98,5.798,23340.2,135325.9,BPS,KSA
IDN-63,South Kalimantan,KALIMANTAN SELATAN,IDN,2022,60.08,6.008,25342.64,152255.06,BPS,KSA
IDN-63,South Kalimantan,KALIMANTAN SELATAN,IDN,2023,61.01,6.101,18382.82,112150.44,BPS,KSA
IDN-63,South Kalimantan,KALIMANTAN SELATAN,IDN,2024,58.32,5.832,18766.21,109438.4,BPS,KSA
IDN-64,East Kalimantan,KALIMANTAN TIMUR,IDN,2020,53.21,5.321,1989.07,10584.65,BPS,KSA
IDN-64,East Kalimantan,KALIMANTAN TIMUR,IDN,2021,57.61,5.761,2526.48,14554.97,BPS,KSA
IDN-64,East Kalimantan,KALIMANTAN TIMUR,IDN,2022,47.03,4.703,3624.48,17045.44,BPS,KSA
IDN-64,East Kalimantan,KALIMANTAN TIMUR,IDN,2023,60.12,6.012,1867.63,11228.48,BPS,KSA
IDN-64,East Kalimantan,KALIMANTAN TIMUR,IDN,2024,43.02,4.302,919.3,3955.26,BPS,KSA
IDN-65,North Kalimantan,KALIMANTAN UTARA,IDN,2020,39.93,3.993,292.82,1169.07,BPS,KSA
IDN-65,North Kalimantan,KALIMANTAN UTARA,IDN,2021,51.1,5.11,75.36,385.1,BPS,KSA
IDN-65,North Kalimantan,KALIMANTAN UTARA,IDN,2022,52.63,5.263,163.32,859.57,BPS,KSA
IDN-65,North Kalimantan,KALIMANTAN UTARA,IDN,2023,50.24,5.024,170.45,856.42,BPS,KSA
IDN-65,North Kalimantan,KALIMANTAN UTARA,IDN,2024,50.4,5.04,209.95,1058.24,BPS,KSA
IDN-71,North Sulawesi,SULAWESI UTARA,IDN,2020,41.19,4.119,42343.67,174417.59,BPS,KSA
IDN-71,North Sulawesi,SULAWESI UTARA,IDN,2021,42.65,4.265,39055.74,166579.9,BPS,KSA
IDN-71,North Sulawesi,SULAWESI UTARA,IDN,2022,34.08,3.408,34918.69,119008.39,BPS,KSA
IDN-71,North Sulawesi,SULAWESI UTARA,IDN,2023,32.87,3.287,25262.2,83046.33,BPS,KSA
IDN-71,North Sulawesi,SULAWESI UTARA,IDN,2024,37.35,3.735,30190.23,112771.9,BPS,KSA
IDN-72,Central Sulawesi,SULAWESI TENGAH,IDN,2020,44.78,4.478,14648.4,65595.66,BPS,KSA
IDN-72,Central Sulawesi,SULAWESI TENGAH,IDN,2021,44.88,4.488,14152.43,63514.84,BPS,KSA
IDN-72,Central Sulawesi,SULAWESI TENGAH,IDN,2022,43.04,4.304,22349.74,96199.79,BPS,KSA
IDN-72,Central Sulawesi,SULAWESI TENGAH,IDN,2023,40.54,4.054,18002.68,72981.58,BPS,KSA
IDN-72,Central Sulawesi,SULAWESI TENGAH,IDN,2024,44.49,4.449,19061.15,84798.45,BPS,KSA
IDN-73,South Sulawesi,SULAWESI SELATAN,IDN,2020,50.84,5.084,213791.89,1086933.12,BPS,KSA
IDN-73,South Sulawesi,SULAWESI SELATAN,IDN,2021,55.64,5.564,185724.95,1033341.18,BPS,KSA
IDN-73,South Sulawesi,SULAWESI SELATAN,IDN,2022,58.71,5.871,196218.71,1152062.7,BPS,KSA
IDN-73,South Sulawesi,SULAWESI SELATAN,IDN,2023,56.41,5.641,181800.85,1025516.26,BPS,KSA
IDN-73,South Sulawesi,SULAWESI SELATAN,IDN,2024,59.24,5.924,191012.1,1131504.0,BPS,KSA
IDN-74,Southeast Sulawesi,SULAWESI TENGGARA,IDN,2020,39.39,3.939,25124.41,98972.12,BPS,KSA
IDN-74,Southeast Sulawesi,SULAWESI TENGGARA,IDN,2021,39.59,3.959,19792.32,78350.27,BPS,KSA
IDN-74,Southeast Sulawesi,SULAWESI TENGGARA,IDN,2022,39.73,3.973,19674.51,78163.06,BPS,KSA
IDN-74,Southeast Sulawesi,SULAWESI TENGGARA,IDN,2023,36.61,3.661,18987.59,69512.45,BPS,KSA
IDN-74,Southeast Sulawesi,SULAWESI TENGGARA,IDN,2024,39.46,3.946,20135.0,79444.29,BPS,KSA
IDN-75,Gorontalo,GORONTALO,IDN,2020,46.28,4.628,125415.3,580370.29,BPS,KSA
IDN-75,Gorontalo,GORONTALO,IDN,2021,48.21,4.821,138958.14,669890.37,BPS,KSA
IDN-75,Gorontalo,GORONTALO,IDN,2022,49.27,4.927,140548.34,692439.15,BPS,KSA
IDN-75,Gorontalo,GORONTALO,IDN,2023,46.16,4.616,114355.96,527923.15,BPS,KSA
IDN-75,Gorontalo,GORONTALO,IDN,2024,48.82,4.882,128230.6,625972.1,BPS,KSA
IDN-76,West Sulawesi,SULAWESI BARAT,IDN,2020,48.93,4.893,2297.16,11239.6,BPS,KSA
IDN-76,West Sulawesi,SULAWESI BARAT,IDN,2021,50.58,5.058,1575.16,7966.76,BPS,KSA
IDN-76,West Sulawesi,SULAWESI BARAT,IDN,2022,53.23,5.323,5670.96,30186.61,BPS,KSA
IDN-76,West Sulawesi,SULAWESI BARAT,IDN,2023,51.8,5.18,5617.09,29097.91,BPS,KSA
IDN-76,West Sulawesi,SULAWESI BARAT,IDN,2024,50.33,5.033,6019.31,30295.93,BPS,KSA
IDN-81,Maluku,MALUKU,IDN,2020,34.53,3.453,4324.52,14934.68,BPS,KSA
IDN-81,Maluku,MALUKU,IDN,2021,38.53,3.853,3813.08,14691.93,BPS,KSA
IDN-81,Maluku,MALUKU,IDN,2022,58.14,5.814,2698.04,15687.0,BPS,KSA
IDN-81,Maluku,MALUKU,IDN,2023,32.51,3.251,2357.12,7663.29,BPS,KSA
IDN-81,Maluku,MALUKU,IDN,2024,33.86,3.386,2239.28,7582.6,BPS,KSA
IDN-82,North Maluku,MALUKU UTARA,IDN,2020,41.12,4.112,928.0,3816.09,BPS,KSA
IDN-82,North Maluku,MALUKU UTARA,IDN,2021,50.57,5.057,2042.47,10328.93,BPS,KSA
IDN-82,North Maluku,MALUKU UTARA,IDN,2022,45.51,4.551,1694.49,7712.31,BPS,KSA
IDN-82,North Maluku,MALUKU UTARA,IDN,2023,42.61,4.261,1612.53,6870.64,BPS,KSA
IDN-82,North Maluku,MALUKU UTARA,IDN,2024,34.41,3.441,1316.6,4530.02,BPS,KSA
IDN-91,West Papua,PAPUA BARAT,IDN,2020,38.03,3.803,1340.64,5098.77,BPS,KSA
IDN-91,West Papua,PAPUA BARAT,IDN,2021,43.21,4.321,1099.9,4753.17,BPS,KSA
IDN-91,West Papua,PAPUA BARAT,IDN,2022,47.96,4.796,1351.48,6481.32,BPS,KSA
IDN-91,West Papua,PAPUA BARAT,IDN,2023,45.05,4.505,735.0,3311.21,BPS,KSA
IDN-91,West Papua,PAPUA BARAT,IDN,2024,49.69,4.969,748.73,3720.1,BPS,KSA
IDN-92,Southwest Papua,PAPUA BARAT DAYA,IDN,2020,,,,,BPS,KSA
IDN-92,Southwest Papua,PAPUA BARAT DAYA,IDN,2021,,,,,BPS,KSA
IDN-92,Southwest Papua,PAPUA BARAT DAYA,IDN,2022,,,,,BPS,KSA
IDN-92,Southwest Papua,PAPUA BARAT DAYA,IDN,2023,51.39,5.139,274.82,1412.21,BPS,KSA
IDN-92,Southwest Papua,PAPUA BARAT DAYA,IDN,2024,52.07,5.207,228.28,1188.57,BPS,KSA
IDN-94,Papua,PAPUA,IDN,2020,42.48,4.248,2617.97,11120.24,BPS,KSA
IDN-94,Papua,PAPUA,IDN,2021,52.54,5.254,3067.83,16119.68,BPS,KSA
IDN-94,Papua,PAPUA,IDN,2022,50.42,5.042,3002.53,15140.06,BPS,KSA
IDN-94,Papua,PAPUA,IDN,2023,42.95,4.295,798.27,3428.88,BPS,KSA
IDN-94,Papua,PAPUA,IDN,2024,39.52,3.952,990.34,3913.44,BPS,KSA
IDN-95,South Papua,PAPUA SELATAN,IDN,2020,,,,,BPS,KSA
IDN-95,South Papua,PAPUA SELATAN,IDN,2021,,,,,BPS,KSA
IDN-95,South Papua,PAPUA SELATAN,IDN,2022,,,,,BPS,KSA
IDN-95,South Papua,PAPUA SELATAN,IDN,2023,45.16,4.516,15.32,69.18,BPS,KSA
IDN-95,South Papua,PAPUA SELATAN,IDN,2024,51.34,5.134,408.72,2098.29,BPS,KSA
IDN-96,Central Papua,PAPUA TENGAH,IDN,2020,,,,,BPS,KSA
IDN-96,Central Papua,PAPUA TENGAH,IDN,2021,,,,,BPS,KSA
IDN-96,Central Papua,PAPUA TENGAH,IDN,2022,,,,,BPS,KSA
IDN-96,Central Papua,PAPUA TENGAH,IDN,2023,43.4,4.34,2092.54,9081.61,BPS,KSA
IDN-96,Central Papua,PAPUA TENGAH,IDN,2024,40.49,4.049,1243.9,5036.04,BPS,KSA
IDN-97,Highland Papua,PAPUA PEGUNUNGAN,IDN,2020,,,,,BPS,KSA
IDN-97,Highland Papua,PAPUA PEGUNUNGAN,IDN,2021,,,,,BPS,KSA
IDN-97,Highland Papua,PAPUA PEGUNUNGAN,IDN,2022,,,,,BPS,KSA
IDN-97,Highland Papua,PAPUA PEGUNUNGAN,IDN,2023,42.05,4.205,66.31,278.85,BPS,KSA
IDN-97,Highland Papua,PAPUA PEGUNUNGAN,IDN,2024,51.23,5.123,48.23,247.07,BPS,KSA
