region_name,year,country,planted_ha,harvested_ha,production_ton,yield_ton_ha,data_source
Aceh,2020,IDN,11581.2,11581.2,63950.8,5.5219,BPS
Bali,2020,IDN,7927.98,7927.98,34994.61,4.4141,BPS
Banten,2020,IDN,2945.5,2945.5,20349.88,6.9088,BPS
Bengkulu,2020,IDN,4145.68,4145.68,23415.58,5.6482,BPS
DI Yogyakarta,2020,IDN,31380.87,31380.87,169430.71,5.3992,BPS
Gorontalo,2020,IDN,125415.3,125415.3,580370.29,4.6276,BPS
Jambi,2020,IDN,1111.0,1111.0,7604.47,6.8447,BPS
Jawa Barat,2020,IDN,59430.55,59430.55,418401.74,7.0402,BPS
Jawa Tengah,2020,IDN,377065.18,377065.18,2279146.32,6.0444,BPS
Jawa Timur,2020,IDN,722182.15,722182.15,4134908.41,5.7256,BPS
Kalimantan Barat,2020,IDN,4721.73,4721.73,20284.05,4.2959,BPS
Kalimantan Selatan,2020,IDN,28796.76,28796.76,152796.9,5.306,BPS
Kalimantan Tengah,2020,IDN,5816.31,5816.31,30998.17,5.3295,BPS
Kalimantan Timur,2020,IDN,1989.07,1989.07,10584.65,5.3214,BPS
Kalimantan Utara,2020,IDN,292.82,292.82,1169.07,3.9925,BPS
Kep. Bangka Belitung,2020,IDN,28.73,28.73,126.66,4.4086,BPS
Kep. Riau,2020,IDN,2.75,2.75,15.22,5.5345,BPS
Lampung,2020,IDN,156654.98,156654.98,971957.39,6.2044,BPS
Maluku,2020,IDN,4324.52,4324.52,14934.68,3.4535,BPS
Maluku Utara,2020,IDN,928.0,928.0,3816.09,4.1122,BPS
Nusa Tenggara Barat,2020,IDN,145562.61,145562.61,860494.72,5.9115,BPS
Nusa Tenggara Timur,2020,IDN,107094.89,107094.89,255452.99,2.3853,BPS
Papua,2020,IDN,2617.97,2617.97,11120.24,4.2477,BPS
Papua Barat,2020,IDN,1340.64,1340.64,5098.77,3.8032,BPS
Riau,2020,IDN,138.92,138.92,472.78,3.4033,BPS
Sulawesi Barat,2020,IDN,2297.16,2297.16,11239.6,4.8928,BPS
Sulawesi Selatan,2020,IDN,213791.89,213791.89,1086933.12,5.0841,BPS
Sulawesi Tengah,2020,IDN,14648.4,14648.4,65595.66,4.478,BPS
Sulawesi Tenggara,2020,IDN,25124.41,25124.41,98972.12,3.9393,BPS
Sulawesi Utara,2020,IDN,42343.67,42343.67,174417.59,4.1191,BPS
Sumatera Barat,2020,IDN,65756.37,65756.37,425025.38,6.4636,BPS
Sumatera Selatan,2020,IDN,35073.88,35073.88,211735.52,6.0368,BPS
Sumatera Utara,2020,IDN,135334.39,135334.39,783126.62,5.7866,BPS
Aceh,2021,IDN,10289.99,10289.99,57835.8,5.6206,BPS
Bali,2021,IDN,10245.83,10245.83,50117.54,4.8915,BPS
Banten,2021,IDN,1375.5,1375.5,9393.64,6.8293,BPS
Bengkulu,2021,IDN,5983.25,5983.25,36934.89,6.173,BPS
DI Yogyakarta,2021,IDN,38391.14,38391.14,197154.61,5.1354,BPS
Gorontalo,2021,IDN,138958.14,138958.14,669890.37,4.8208,BPS
Jambi,2021,IDN,1665.97,1665.97,9719.01,5.8338,BPS
Jawa Barat,2021,IDN,68213.91,68213.91,491527.65,7.2057,BPS
Jawa Tengah,2021,IDN,340315.45,340315.45,2128959.17,6.2558,BPS
Jawa Timur,2021,IDN,687502.66,687502.66,3991492.48,5.8058,BPS
Kalimantan Barat,2021,IDN,8916.04,8916.04,44252.44,4.9632,BPS
Kalimantan Selatan,2021,IDN,23340.2,23340.2,135325.9,5.798,BPS
Kalimantan Tengah,2021,IDN,6591.87,6591.87,35440.16,5.3763,BPS
Kalimantan Timur,2021,IDN,2526.48,2526.48,14554.97,5.761,BPS
Kalimantan Utara,2021,IDN,75.36,75.36,385.1,5.1101,BPS
Kep. Bangka Belitung,2021,IDN,97.31,97.31,348.85,3.5849,BPS
Kep. Riau,2021,IDN,2.62,2.62,12.84,4.9008,BPS
Lampung,2021,IDN,172107.96,172107.96,1129111.67,6.5605,BPS
Maluku,2021,IDN,3813.08,3813.08,14691.93,3.853,BPS
Maluku Utara,2021,IDN,2042.47,2042.47,10328.93,5.0571,BPS
Nusa Tenggara Barat,2021,IDN,156985.86,156985.86,1019224.88,6.4925,BPS
Nusa Tenggara Timur,2021,IDN,111362.16,111362.16,285344.59,2.5623,BPS
Papua,2021,IDN,3067.83,3067.83,16119.68,5.2544,BPS
Papua Barat,2021,IDN,1099.9,1099.9,4753.17,4.3215,BPS
Riau,2021,IDN,306.22,306.22,989.61,3.2317,BPS
Sulawesi Barat,2021,IDN,1575.16,1575.16,7966.76,5.0577,BPS
Sulawesi Selatan,2021,IDN,185724.95,185724.95,1033341.18,5.5638,BPS
Sulawesi Tengah,2021,IDN,14152.43,14152.43,63514.84,4.4879,BPS
Sulawesi Tenggara,2021,IDN,19792.32,19792.32,78350.27,3.9586,BPS
Sulawesi Utara,2021,IDN,39055.74,39055.74,166579.9,4.2652,BPS
Sumatera Barat,2021,IDN,67159.49,67159.49,437814.33,6.519,BPS
Sumatera Selatan,2021,IDN,51690.6,51690.6,316505.64,6.1231,BPS
Sumatera Utara,2021,IDN,153631.83,153631.83,956938.92,6.2288,BPS
Aceh,2022,IDN,12453.57,12453.57,72241.64,5.8009,BPS
Bali,2022,IDN,10316.71,10316.71,53206.31,5.1573,BPS
Banten,2022,IDN,1250.54,1250.54,9602.73,7.6789,BPS
Bengkulu,2022,IDN,10416.56,10416.56,71755.99,6.8886,BPS
DI Yogyakarta,2022,IDN,42974.56,42974.56,218046.4,5.0738,BPS
Gorontalo,2022,IDN,140548.34,140548.34,692439.15,4.9267,BPS
Jambi,2022,IDN,1892.18,1892.18,10477.45,5.5372,BPS
Jawa Barat,2022,IDN,95689.92,95689.92,727067.64,7.5982,BPS
Jawa Tengah,2022,IDN,404493.43,404493.43,2424371.35,5.9936,BPS
Jawa Timur,2022,IDN,817449.46,817449.46,4952602.76,6.0586,BPS
Kalimantan Barat,2022,IDN,16371.14,16371.14,71717.47,4.3807,BPS
Kalimantan Selatan,2022,IDN,25342.64,25342.64,152255.06,6.0079,BPS
Kalimantan Tengah,2022,IDN,7459.13,7459.13,35933.96,4.8174,BPS
Kalimantan Timur,2022,IDN,3624.48,3624.48,17045.44,4.7029,BPS
Kalimantan Utara,2022,IDN,163.32,163.32,859.57,5.2631,BPS
Kep. Bangka Belitung,2022,IDN,62.8,62.8,257.95,4.1075,BPS
Kep. Riau,2022,IDN,2.45,2.45,12.59,5.1388,BPS
Lampung,2022,IDN,223859.75,223859.75,1443095.58,6.4464,BPS
Maluku,2022,IDN,2698.04,2698.04,15687.0,5.8142,BPS
Maluku Utara,2022,IDN,1694.49,1694.49,7712.31,4.5514,BPS
Nusa Tenggara Barat,2022,IDN,196064.93,196064.93,1421921.9,7.2523,BPS
Nusa Tenggara Timur,2022,IDN,113624.53,113624.53,293719.22,2.585,BPS
Papua,2022,IDN,3002.53,3002.53,15140.06,5.0424,BPS
Papua Barat,2022,IDN,1351.48,1351.48,6481.32,4.7957,BPS
Riau,2022,IDN,217.27,217.27,752.62,3.464,BPS
Sulawesi Barat,2022,IDN,5670.96,5670.96,30186.61,5.323,BPS
Sulawesi Selatan,2022,IDN,196218.71,196218.71,1152062.7,5.8713,BPS
Sulawesi Tengah,2022,IDN,22349.74,22349.74,96199.79,4.3043,BPS
Sulawesi Tenggara,2022,IDN,19674.51,19674.51,78163.06,3.9728,BPS
Sulawesi Utara,2022,IDN,34918.69,34918.69,119008.39,3.4082,BPS
Sumatera Barat,2022,IDN,84565.06,84565.06,569450.41,6.7339,BPS
Sumatera Selatan,2022,IDN,60187.49,60187.49,460321.16,7.6481,BPS
Sumatera Utara,2022,IDN,207756.79,207756.79,1307477.02,6.2933,BPS
Aceh,2023,IDN,11728.37,11728.37,66363.62,5.6584,BPS
Bali,2023,IDN,9277.78,9277.78,46901.81,5.0553,BPS
Banten,2023,IDN,1920.27,1920.27,14367.12,7.4818,BPS
Bengkulu,2023,IDN,7900.85,7900.85,50421.07,6.3817,BPS
DI Yogyakarta,2023,IDN,40056.38,40056.38,217545.73,5.431,BPS
Gorontalo,2023,IDN,114355.96,114355.96,527923.15,4.6165,BPS
Jambi,2023,IDN,781.46,781.46,4724.77,6.0461,BPS
Jawa Barat,2023,IDN,76901.39,76901.39,577185.49,7.5055,BPS
Jawa Tengah,2023,IDN,371046.77,371046.77,2174484.3,5.8604,BPS
Jawa Timur,2023,IDN,759060.89,759060.89,4795780.82,6.318,BPS
Kalimantan Barat,2023,IDN,15099.14,15099.14,66248.12,4.3875,BPS
Kalimantan Selatan,2023,IDN,18382.82,18382.82,112150.44,6.1008,BPS
Kalimantan Tengah,2023,IDN,5935.59,5935.59,25482.89,4.2932,BPS
Kalimantan Timur,2023,IDN,1867.63,1867.63,11228.48,6.0122,BPS
Kalimantan Utara,2023,IDN,170.45,170.45,856.42,5.0245,BPS
Kep. Bangka Belitung,2023,IDN,23.25,23.25,111.3,4.7871,BPS
Kep. Riau,2023,IDN,2.07,2.07,10.45,5.0483,BPS
Lampung,2023,IDN,166215.32,166215.32,1103640.11,6.6398,BPS
Maluku,2023,IDN,2357.12,2357.12,7663.29,3.2511,BPS
Maluku Utara,2023,IDN,1612.53,1612.53,6870.64,4.2608,BPS
Nusa Tenggara Barat,2023,IDN,179029.73,179029.73,1281035.02,7.1554,BPS
Nusa Tenggara Timur,2023,IDN,101512.09,101512.09,261854.94,2.5795,BPS
Papua,2023,IDN,798.27,798.27,3428.88,4.2954,BPS
Papua Barat,2023,IDN,735.0,735.0,3311.21,4.505,BPS
Papua Barat Daya,2023,IDN,274.82,274.82,1412.21,5.1387,BPS
Papua Pegunungan,2023,IDN,66.31,66.31,278.85,4.2052,BPS
Papua Selatan,2023,IDN,15.32,15.32,69.18,4.5157,BPS
Papua Tengah,2023,IDN,2092.54,2092.54,9081.61,4.34,BPS
Riau,2023,IDN,216.35,216.35,688.71,3.1833,BPS
Sulawesi Barat,2023,IDN,5617.09,5617.09,29097.91,5.1802,BPS
Sulawesi Selatan,2023,IDN,181800.85,181800.85,1025516.26,5.6409,BPS
Sulawesi Tengah,2023,IDN,18002.68,18002.68,72981.58,4.0539,BPS
Sulawesi Tenggara,2023,IDN,18987.59,18987.59,69512.45,3.6609,BPS
Sulawesi Utara,2023,IDN,25262.2,25262.2,83046.33,3.2874,BPS
Sumatera Barat,2023,IDN,79630.77,79630.77,495223.45,6.219,BPS
Sumatera Selatan,2023,IDN,46247.92,46247.92,284643.31,6.1547,BPS
Sumatera Utara,2023,IDN,211105.36,211105.36,1343290.59,6.3631,BPS
Aceh,2024,IDN,10090.26,10090.26,52249.4,5.1782,BPS
Bali,2024,IDN,7669.79,7669.79,39055.43,5.0921,BPS
Banten,2024,IDN,2112.0,2112.0,12677.14,6.0024,BPS
Bengkulu,2024,IDN,9861.27,9861.27,62876.83,6.3761,BPS
DI Yogyakarta,2024,IDN,37546.96,37546.96,189378.3,5.0438,BPS
Gorontalo,2024,IDN,128230.6,128230.6,625972.1,4.8816,BPS
Jambi,2024,IDN,1514.03,1514.03,10530.87,6.9555,BPS
Jawa Barat,2024,IDN,77992.51,77992.51,564290.8,7.2352,BPS
Jawa Tengah,2024,IDN,412338.4,412338.4,2426509.0,5.8848,BPS
Jawa Timur,2024,IDN,739157.3,739157.3,4595792.0,6.2176,BPS
Kalimantan Barat,2024,IDN,19449.93,19449.93,90419.41,4.6488,BPS
Kalimantan Selatan,2024,IDN,18766.21,18766.21,109438.4,5.8317,BPS
Kalimantan Tengah,2024,IDN,8555.57,8555.57,44638.26,5.2175,BPS
Kalimantan Timur,2024,IDN,919.3,919.3,3955.26,4.3025,BPS
Kalimantan Utara,2024,IDN,209.95,209.95,1058.24,5.0404,BPS
Kep. Riau,2024,IDN,2.49,2.49,12.0,4.8193,BPS
Lampung,2024,IDN,170016.6,170016.6,1107739.0,6.5155,BPS
Maluku,2024,IDN,2239.28,2239.28,7582.6,3.3862,BPS
Maluku Utara,2024,IDN,1316.6,1316.6,4530.02,3.4407,BPS
Nusa Tenggara Barat,2024,IDN,173759.8,173759.8,1209784.0,6.9624,BPS
Nusa Tenggara Timur,2024,IDN,108816.1,108816.1,293052.3,2.6931,BPS
Papua,2024,IDN,990.34,990.34,3913.44,3.9516,BPS
Papua Barat,2024,IDN,748.73,748.73,3720.1,4.9685,BPS
Papua Barat Daya,2024,IDN,228.28,228.28,1188.57,5.2066,BPS
Papua Pegunungan,2024,IDN,48.23,48.23,247.07,5.1227,BPS
Papua Selatan,2024,IDN,408.72,408.72,2098.29,5.1338,BPS
Papua Tengah,2024,IDN,1243.9,1243.9,5036.04,4.0486,BPS
Riau,2024,IDN,327.17,327.17,1139.41,3.4826,BPS
Sulawesi Barat,2024,IDN,6019.31,6019.31,30295.93,5.0331,BPS
Sulawesi Selatan,2024,IDN,191012.1,191012.1,1131504.0,5.9237,BPS
Sulawesi Tengah,2024,IDN,19061.15,19061.15,84798.45,4.4488,BPS
Sulawesi Tenggara,2024,IDN,20135.0,20135.0,79444.29,3.9456,BPS
Sulawesi Utara,2024,IDN,30190.23,30190.23,112771.9,3.7354,BPS
Sumatera Barat,2024,IDN,83918.48,83918.48,518315.8,6.1764,BPS
Sumatera Selatan,2024,IDN,53171.15,53171.15,338998.6,6.3756,BPS
Sumatera Utara,2024,IDN,210586.1,210586.1,1373900.0,6.5242,BPS
